--
-- PostgreSQL database dump
--

-- Dumped from database version 12.9 (Ubuntu 12.9-0ubuntu0.20.04.1)
-- Dumped by pg_dump version 12.9 (Ubuntu 12.9-0ubuntu0.20.04.1)

-- Started on 2022-01-27 15:11:10 WAT

SET statement_timeout = 0;
SET lock_timeout = 0;
SET idle_in_transaction_session_timeout = 0;
SET client_encoding = 'UTF8';
SET standard_conforming_strings = on;
SELECT pg_catalog.set_config('search_path', '', false);
SET check_function_bodies = false;
SET xmloption = content;
SET client_min_messages = warning;
SET row_security = off;

SET default_tablespace = '';

SET default_table_access_method = heap;

--
-- TOC entry 203 (class 1259 OID 33056)
-- Name: hopital; Type: TABLE; Schema: public; Owner: postgres
--

CREATE TABLE public.hopital (
    id_hopital integer NOT NULL,
    nom_hopital character varying(100) NOT NULL,
    localisation character varying(100) NOT NULL,
    specialite character varying(100) NOT NULL,
    adresse character varying(100) NOT NULL
);


ALTER TABLE public.hopital OWNER TO postgres;

--
-- TOC entry 202 (class 1259 OID 33054)
-- Name: hopital_id_hopital_seq; Type: SEQUENCE; Schema: public; Owner: postgres
--

CREATE SEQUENCE public.hopital_id_hopital_seq
    AS integer
    START WITH 1
    INCREMENT BY 1
    NO MINVALUE
    NO MAXVALUE
    CACHE 1;


ALTER TABLE public.hopital_id_hopital_seq OWNER TO postgres;

--
-- TOC entry 3020 (class 0 OID 0)
-- Dependencies: 202
-- Name: hopital_id_hopital_seq; Type: SEQUENCE OWNED BY; Schema: public; Owner: postgres
--

ALTER SEQUENCE public.hopital_id_hopital_seq OWNED BY public.hopital.id_hopital;


--
-- TOC entry 211 (class 1259 OID 33089)
-- Name: nouveau_nee; Type: TABLE; Schema: public; Owner: postgres
--

CREATE TABLE public.nouveau_nee (
    id_nouveau_nee integer NOT NULL,
    nom_bebe character varying(100) NOT NULL,
    date_naissance date NOT NULL,
    sexe character varying(100) NOT NULL,
    groupe_sanguin character varying(100) NOT NULL,
    allergie character varying(100) NOT NULL,
    id_parent integer NOT NULL,
    id_vaccin integer NOT NULL
);


ALTER TABLE public.nouveau_nee OWNER TO postgres;

--
-- TOC entry 208 (class 1259 OID 33083)
-- Name: nouveau_nee_id_nouveau_nee_seq; Type: SEQUENCE; Schema: public; Owner: postgres
--

CREATE SEQUENCE public.nouveau_nee_id_nouveau_nee_seq
    AS integer
    START WITH 1
    INCREMENT BY 1
    NO MINVALUE
    NO MAXVALUE
    CACHE 1;


ALTER TABLE public.nouveau_nee_id_nouveau_nee_seq OWNER TO postgres;

--
-- TOC entry 3021 (class 0 OID 0)
-- Dependencies: 208
-- Name: nouveau_nee_id_nouveau_nee_seq; Type: SEQUENCE OWNED BY; Schema: public; Owner: postgres
--

ALTER SEQUENCE public.nouveau_nee_id_nouveau_nee_seq OWNED BY public.nouveau_nee.id_nouveau_nee;


--
-- TOC entry 209 (class 1259 OID 33085)
-- Name: nouveau_nee_id_parent_seq; Type: SEQUENCE; Schema: public; Owner: postgres
--

CREATE SEQUENCE public.nouveau_nee_id_parent_seq
    AS integer
    START WITH 1
    INCREMENT BY 1
    NO MINVALUE
    NO MAXVALUE
    CACHE 1;


ALTER TABLE public.nouveau_nee_id_parent_seq OWNER TO postgres;

--
-- TOC entry 3022 (class 0 OID 0)
-- Dependencies: 209
-- Name: nouveau_nee_id_parent_seq; Type: SEQUENCE OWNED BY; Schema: public; Owner: postgres
--

ALTER SEQUENCE public.nouveau_nee_id_parent_seq OWNED BY public.nouveau_nee.id_parent;


--
-- TOC entry 210 (class 1259 OID 33087)
-- Name: nouveau_nee_id_vaccin_seq; Type: SEQUENCE; Schema: public; Owner: postgres
--

CREATE SEQUENCE public.nouveau_nee_id_vaccin_seq
    AS integer
    START WITH 1
    INCREMENT BY 1
    NO MINVALUE
    NO MAXVALUE
    CACHE 1;


ALTER TABLE public.nouveau_nee_id_vaccin_seq OWNER TO postgres;

--
-- TOC entry 3023 (class 0 OID 0)
-- Dependencies: 210
-- Name: nouveau_nee_id_vaccin_seq; Type: SEQUENCE OWNED BY; Schema: public; Owner: postgres
--

ALTER SEQUENCE public.nouveau_nee_id_vaccin_seq OWNED BY public.nouveau_nee.id_vaccin;


--
-- TOC entry 205 (class 1259 OID 33064)
-- Name: parent; Type: TABLE; Schema: public; Owner: postgres
--

CREATE TABLE public.parent (
    id_parent integer NOT NULL,
    nom_parent character varying(100) NOT NULL,
    prenom_parent character varying(100) NOT NULL,
    adresse character varying(100) NOT NULL,
    contact character varying(100) NOT NULL
);


ALTER TABLE public.parent OWNER TO postgres;

--
-- TOC entry 204 (class 1259 OID 33062)
-- Name: parent_id_parent_seq; Type: SEQUENCE; Schema: public; Owner: postgres
--

CREATE SEQUENCE public.parent_id_parent_seq
    AS integer
    START WITH 1
    INCREMENT BY 1
    NO MINVALUE
    NO MAXVALUE
    CACHE 1;


ALTER TABLE public.parent_id_parent_seq OWNER TO postgres;

--
-- TOC entry 3024 (class 0 OID 0)
-- Dependencies: 204
-- Name: parent_id_parent_seq; Type: SEQUENCE OWNED BY; Schema: public; Owner: postgres
--

ALTER SEQUENCE public.parent_id_parent_seq OWNED BY public.parent.id_parent;


--
-- TOC entry 207 (class 1259 OID 33072)
-- Name: vaccin; Type: TABLE; Schema: public; Owner: postgres
--

CREATE TABLE public.vaccin (
    id_vaccin integer NOT NULL,
    nom_vaccin character varying(100) NOT NULL,
    maladies character varying(100) NOT NULL,
    dose character varying(100) NOT NULL,
    rendez_vous date NOT NULL,
    id_hopital integer NOT NULL
);


ALTER TABLE public.vaccin OWNER TO postgres;

--
-- TOC entry 206 (class 1259 OID 33070)
-- Name: vaccin_id_vaccin_seq; Type: SEQUENCE; Schema: public; Owner: postgres
--

CREATE SEQUENCE public.vaccin_id_vaccin_seq
    AS integer
    START WITH 1
    INCREMENT BY 1
    NO MINVALUE
    NO MAXVALUE
    CACHE 1;


ALTER TABLE public.vaccin_id_vaccin_seq OWNER TO postgres;

--
-- TOC entry 3025 (class 0 OID 0)
-- Dependencies: 206
-- Name: vaccin_id_vaccin_seq; Type: SEQUENCE OWNED BY; Schema: public; Owner: postgres
--

ALTER SEQUENCE public.vaccin_id_vaccin_seq OWNED BY public.vaccin.id_vaccin;


--
-- TOC entry 2862 (class 2604 OID 33059)
-- Name: hopital id_hopital; Type: DEFAULT; Schema: public; Owner: postgres
--

ALTER TABLE ONLY public.hopital ALTER COLUMN id_hopital SET DEFAULT nextval('public.hopital_id_hopital_seq'::regclass);


--
-- TOC entry 2865 (class 2604 OID 33092)
-- Name: nouveau_nee id_nouveau_nee; Type: DEFAULT; Schema: public; Owner: postgres
--

ALTER TABLE ONLY public.nouveau_nee ALTER COLUMN id_nouveau_nee SET DEFAULT nextval('public.nouveau_nee_id_nouveau_nee_seq'::regclass);


--
-- TOC entry 2866 (class 2604 OID 33093)
-- Name: nouveau_nee id_parent; Type: DEFAULT; Schema: public; Owner: postgres
--

ALTER TABLE ONLY public.nouveau_nee ALTER COLUMN id_parent SET DEFAULT nextval('public.nouveau_nee_id_parent_seq'::regclass);


--
-- TOC entry 2867 (class 2604 OID 33094)
-- Name: nouveau_nee id_vaccin; Type: DEFAULT; Schema: public; Owner: postgres
--

ALTER TABLE ONLY public.nouveau_nee ALTER COLUMN id_vaccin SET DEFAULT nextval('public.nouveau_nee_id_vaccin_seq'::regclass);


--
-- TOC entry 2863 (class 2604 OID 33067)
-- Name: parent id_parent; Type: DEFAULT; Schema: public; Owner: postgres
--

ALTER TABLE ONLY public.parent ALTER COLUMN id_parent SET DEFAULT nextval('public.parent_id_parent_seq'::regclass);


--
-- TOC entry 2864 (class 2604 OID 33075)
-- Name: vaccin id_vaccin; Type: DEFAULT; Schema: public; Owner: postgres
--

ALTER TABLE ONLY public.vaccin ALTER COLUMN id_vaccin SET DEFAULT nextval('public.vaccin_id_vaccin_seq'::regclass);


--
-- TOC entry 3006 (class 0 OID 33056)
-- Dependencies: 203
-- Data for Name: hopital; Type: TABLE DATA; Schema: public; Owner: postgres
--

COPY public.hopital (id_hopital, nom_hopital, localisation, specialite, adresse) FROM stdin;
1	Angeli	Chad	Geologist III	0x857f14db16c9a96fa21eb97727e5a7a5ae59a8a4
2	Maia	Chad	Computer Systems Analyst IV	0x16cbf5897e7ff65847bbd1f4198ed404f723e0be
3	Tuesday	Chad	Office Assistant I	0xd41631bddd6442a09258387020b69cea377b3c00
4	Lilas	Chad	Engineer I	0x6108dad1b3be1124014a3e6b737d93de096fd972
5	Lance	Chad	Systems Administrator I	0xbc859e1f4d93893ba670fe58c595bc2f4edeaebe
6	Gilbertine	Chad	Civil Engineer	0xfac3237cf2ea4827f9f5a4e58f9531740537fdfc
7	Vonny	Chad	Recruiter	0x76b5357097d5a3e6784146e10f6f29a01e1c371d
8	Jillene	Chad	Structural Engineer	0x814cee2679ce1d15a74377cf0ee47d08f6369f53
9	Rafael	Chad	Environmental Specialist	0x34a998a8ff8f9146ff87d8ada75741d5acd37381
10	Trueman	Chad	Food Chemist	0xefa8d73dae0e07d2d8cf97a6eb1df27b2235e773
11	Kimball	Chad	Geologist IV	0x2f3ff7a313c9808834cecff0e1d450fea332f0f6
12	Lisa	Chad	VP Product Management	0x4b7ad6cb5e7ded316b89991bcb3a6761997ac443
13	Auberon	Chad	Desktop Support Technician	0x8272a2d909711a4fa647973a1b25aacefb21b967
14	Myra	Chad	Executive Secretary	0x6deb48e8c68ac9ef673e6cf61765bef7978a73c3
15	James	Chad	Information Systems Manager	0x6912500f01d03ac5e28d4c4d9ba037446a15109d
16	Dorian	Chad	Safety Technician II	0x63ad7daf15e2f641019da9ad1fdecd29b1de42db
17	Starla	Chad	Senior Financial Analyst	0xe632e744b9da595b7d7712dedb0a280ab5fffb7a
18	Sorcha	Chad	Technical Writer	0xc9e4c1200e3e3f0f8e0f373ac8d6b10d08d72c95
19	Sabra	Chad	Librarian	0x4ba0afa99734903ac94f4b8bc8d2c880fe5f2b02
20	Mareah	Chad	Account Coordinator	0x77626e3b7fc50726fa26829f0fb64f22041664cd
21	Terencio	Chad	Environmental Specialist	0xeb473fe51ef36160df61263e5e5cd79bb4af42e2
22	Dredi	Chad	Project Manager	0x27171090f1fd87c276b515ed387e7906af8c8161
23	Huntington	Chad	Statistician III	0xea98f0171de2099df2c16404ee63e2f7b11da17c
24	Raffaello	Chad	Database Administrator III	0x9952096b5cd037a947e9f4827825d2ad7481e5be
25	Nolan	Chad	Help Desk Operator	0xb81d90ba7b1e6c0a767a454fb0207a97569e1125
26	Renell	Chad	Marketing Manager	0x799c677099b1febb7494452893a96b5c5235564f
27	Batholomew	Chad	Software Consultant	0xb4a6bddd8e056318b56aede967e601af9ed18825
28	Deidre	Chad	Nuclear Power Engineer	0x4875b3f35c391c528232bde87e9a34dbde0698c0
29	Margie	Chad	Quality Engineer	0x19a65743c399ad47b66be257e4f23b7512319585
30	Had	Chad	Senior Cost Accountant	0x0c18fbdd4a5da28233f72382dd32722455ea7ca8
31	Morie	Chad	Project Manager	0x184bc07891fc0d14043f75cf22ff8d7c2bf0abd1
32	Hamilton	Chad	Chief Design Engineer	0xfd8bdd8d5ee84bce4ecaa8ababe1047397270d49
33	Blair	Chad	Health Coach IV	0x9a936744114dbc565fe9b3153cbab9728213e1ae
34	Nonah	Chad	Software Test Engineer II	0x963ed2a1d846a10edcd7ea2fcbb4d273d2ca1930
35	Jolyn	Chad	Pharmacist	0x3e3593878ad8f4be83e10cef88ebd75ed95e72eb
36	Krista	Chad	Registered Nurse	0xa80e1d9f3dbd4579d51a288eb06de1db9a9b9b4a
37	Leontine	Chad	Chemical Engineer	0x4196b8bd19b926c39dc099db3e21734a667a9b85
38	Lou	Chad	Office Assistant I	0xbd04d3281f587043f101c4e9551833c2fdbc1429
39	Corene	Chad	Marketing Assistant	0xa7bc06244cf54f874d184a2c9c02e9eed321888f
40	Scarlett	Chad	Analyst Programmer	0x858dbd0b0ebb9bafcae5006c5709a5a0352531e6
41	Davidson	Chad	Web Developer III	0x36895d57f1a7c9a4a5175a381b1fb6d232099538
42	Germain	Chad	Account Representative I	0x61135dd0bfc843e09ea01123a4baf13f93bc54cf
43	Rosalinda	Chad	Marketing Assistant	0x88cfc856535f9cbfaf8419572495dc3bd7f94050
44	Lia	Chad	Research Assistant III	0x6f5a50d90ddb25eb176b461b7ad5cdc6868d1d17
45	Kelvin	Chad	Computer Systems Analyst II	0xf368dc2af5ceaabd2eef1c30a0d7d5ad5d0e72e6
46	Byron	Chad	Research Assistant IV	0x30efcade7d14b94e06cdb31f968e901cd082097d
47	Winston	Chad	Nuclear Power Engineer	0xb06eaf1163292aee1c0056fdbc062ace723c830c
48	Malinde	Chad	Sales Representative	0x351abee05fe78bbb60e0da66a0b3a3aa5f4a67d7
49	Tiphani	Chad	Dental Hygienist	0x6a4335ee1fee3d7f475551b5746a0f530231688c
50	Terrye	Chad	Assistant Manager	0xf177ecaebea26cfcc4a2eee62cfda201462a5e58
51	Noah	Chad	Nuclear Power Engineer	0x6e8ae9b3370a918793921b644eaddb67b9b3adde
52	Tynan	Chad	Community Outreach Specialist	0xa7939f26e93680c7c07de12e544814e189dd9ac2
53	Salomone	Chad	Assistant Professor	0x73f72faef4e4a9a61824cb95eeae8fa830405d4a
54	Arliene	Chad	Electrical Engineer	0x9841fee8809729bdacb1ab4c6d52d0ba973f7fe9
55	Elicia	Chad	Marketing Assistant	0xba39c8f2d2a7bb5d019e1312e2134e606c4f400c
56	Tamara	Chad	Marketing Manager	0xa9521c2092ff2faa246ebce525d95078c05d6293
57	Alyss	Chad	Nurse Practicioner	0x5e9f2c9fcd9693fb95fb265e14c1475c3a282979
58	Aimee	Chad	Web Designer I	0xab53461a5133f4c911166656dfe8b1588b9e2381
59	Lionel	Chad	Staff Accountant I	0xdf308d6bb5c4c3775d2fa46c0010e7f640cae2bf
60	Brittne	Chad	Mechanical Systems Engineer	0x7ea2bfaaf7db97325b3f2901d2eb984adaafd172
61	Jannel	Chad	Administrative Assistant III	0xfaa4b4346e80d02c645be9d3324531fdc48fbfaa
62	Francois	Chad	Occupational Therapist	0xdb0ac28c000ad9670f2c973896a71cd523f366dc
63	Davine	Chad	Senior Quality Engineer	0x30049ff0177246e97e3874e2c0e62aa04e36de4c
64	Maridel	Chad	VP Accounting	0xe882f0195b6532afd81c85062239e4418d72f0b5
65	Rhett	Chad	Registered Nurse	0xc3f4218d27387a8f7f37937b626ecd869c4cf9ff
66	Nyssa	Chad	General Manager	0x5309492a037e1bfa8588aee07dcedbb4b5874934
67	Crystie	Chad	Registered Nurse	0x44de920330d1aa5533b187291c0a6fca4ba7345d
68	Jeffry	Chad	Actuary	0x47f0ccd9326d676342a3eaa478125661cdec1e14
69	Gerome	Chad	Director of Sales	0x757558fac9e115afe028fd7eed11612c1b63b03e
70	Lindon	Chad	Payment Adjustment Coordinator	0x088a6018d00fca30fc1df023482dff7008d675b4
71	Sanford	Chad	Senior Financial Analyst	0x54eac0033a818aa4a9059e9ea7d15a5c8a2bf6bc
72	Lulu	Chad	Legal Assistant	0x57b42a041047420e8d5c19f27ea4661f76feb886
73	Eimile	Chad	Analyst Programmer	0xb42b9f60f920de2aa4bccf8cae45947a6b32b6a7
74	Chilton	Chad	Software Engineer I	0xcdb95bbd9219b398424ce8f7aeb7d203754ea5d5
75	Jaimie	Chad	Librarian	0x4fead89e5c4506a789acaff8f8f751e585b4da7c
76	Cassey	Chad	Analog Circuit Design manager	0xb3b5aa8cb8052f07b8923a39eed676fa08b6f510
77	Amaleta	Chad	Safety Technician II	0x9f2165d0890fbb974cdfbd50e1e9c7ec6b1e9547
78	Alessandra	Chad	Senior Developer	0xd1f187a8c5daeec45369d4f3f5fec8e0acc4f262
79	Evangeline	Chad	Director of Sales	0x65b7e9597fa1af2af1630bfb59ef2da7216a4236
80	Glyn	Chad	Civil Engineer	0xcc0fc1c69fab3181b548159af95c3a01fcbc3240
81	Cristine	Chad	Research Assistant IV	0xbcf2095a7dad1a9a0f2502701c068e130ae83436
82	Shellysheldon	Chad	Human Resources Assistant III	0x0abaa5f118065c8d0519391574e9659777e99b05
83	Antonia	Chad	Nurse	0x0578746a5387f14f738d477a44c1010f79afcaa0
84	Lorette	Chad	VP Marketing	0x9a1c9e5792c7f9e79a4ff5c7205a73457a9b102a
85	Arlene	Chad	VP Quality Control	0x98ff40a95b197f9926316d07b0794aabe83387b7
86	Chris	Chad	Graphic Designer	0xe70950eb424d2289c574d229b8079294c996ec1d
87	Payton	Chad	Marketing Assistant	0xee8ab77b11d2e47d5f9a238d81fbc5932474fe2c
88	Ailyn	Chad	Human Resources Assistant II	0x351893092dce712f04b7c9cc439f8d85745aba95
89	Bobina	Chad	Assistant Professor	0x6762b6394714b56e765822c6621aad7ab1d78c5c
90	Isabeau	Chad	Assistant Media Planner	0xec9db9b9fdc473d9befb7359bbf50d9b9e4ce94f
91	Maribel	Chad	Account Coordinator	0x89bde967b01455b57746dd920669391fe698cab6
92	Frazier	Chad	VP Quality Control	0x69209d2d977068351417af9e094e62e6141c7072
93	Maridel	Chad	GIS Technical Architect	0x097365f99862fedfb81ceef6815eadfd32975f69
94	Jacintha	Chad	Engineer I	0x44453479c702270c5a01c1c6001cb0799806c6de
95	Gasparo	Chad	Account Representative I	0x4952cbd6ab818e73cc1cd3c46828a09234ac77a2
96	Timothee	Chad	Statistician III	0xe76e85f453ad8cffb4294fd534fd359eafbbf6b9
97	Gwendolen	Chad	Assistant Media Planner	0x50955e9ab7675a4fb6cc150b56fe9e588284738d
98	Gil	Chad	Chemical Engineer	0xb4a0af8850096f49413323e31da513f11858c6eb
99	Delainey	Chad	Project Manager	0x43b2bb01be52055e56d94d6b6cc1a0b771d287ff
100	Antonella	Chad	Food Chemist	0x000a252024a4039902b3ca20dd6ff8f2bfa990b9
\.


--
-- TOC entry 3014 (class 0 OID 33089)
-- Dependencies: 211
-- Data for Name: nouveau_nee; Type: TABLE DATA; Schema: public; Owner: postgres
--

COPY public.nouveau_nee (id_nouveau_nee, nom_bebe, date_naissance, sexe, groupe_sanguin, allergie, id_parent, id_vaccin) FROM stdin;
1	Eadith	2021-06-30	F	0 positif	oui	60	90
2	Amye	2021-07-27	F	0 positif	oui	46	21
3	Bengt	2021-11-23	M	0 positif	oui	63	59
4	Ardelle	2022-01-24	F	0 positif	oui	51	62
5	Ericha	2021-07-04	F	0 positif	oui	99	78
6	Ben	2021-06-30	M	0 positif	oui	98	78
7	Olga	2021-11-17	F	0 positif	oui	80	17
8	Wash	2021-11-23	M	0 positif	oui	97	87
9	Gerri	2021-12-17	M	0 positif	oui	34	68
10	Aurelie	2021-02-17	F	0 positif	oui	21	72
11	Lucien	2022-01-13	M	0 positif	oui	62	41
12	Christoper	2021-06-08	M	A negatif	oui	87	14
13	Waylon	2021-11-01	M	A negatif	oui	11	51
14	Jamie	2021-06-27	M	A negatif	oui	49	47
15	Lalo	2021-11-16	M	A negatif	oui	24	82
16	Aleta	2021-03-27	F	A negatif	oui	9	42
17	Myra	2021-11-11	F	A negatif	oui	52	27
18	Eran	2021-07-07	F	A negatif	oui	95	67
19	Adrian	2021-12-13	F	A negatif	oui	47	99
20	Trefor	2021-05-07	M	A negatif	oui	27	68
21	Goldi	2021-04-09	F	A negatif	oui	4	97
22	Wenda	2021-11-20	F	A negatif	oui	89	99
23	Fowler	2021-10-31	M	A negatif	oui	95	33
24	Barney	2021-07-09	M	A negatif	non	49	53
25	Torrie	2021-05-14	F	A negatif	non	40	18
26	Devin	2021-12-09	F	A negatif	non	80	73
27	Salim	2021-03-09	M	A negatif	non	83	69
28	Vick	2021-09-06	M	B positif	non	96	95
29	Zachariah	2021-07-26	M	B positif	non	36	65
30	Karoline	2021-11-18	F	B positif	non	28	36
31	Georgeanna	2021-04-23	F	B positif	non	47	99
32	Joy	2021-04-02	F	B positif	non	75	72
33	Grayce	2021-08-30	F	B positif	non	88	66
34	Grantley	2021-07-12	M	B positif	non	54	1
35	Aubrey	2022-01-20	F	B positif	non	83	65
36	Winnie	2021-08-12	F	B positif	non	87	70
37	Selestina	2021-06-06	F	B positif	non	30	94
38	Prinz	2021-02-17	M	B positif	non	19	43
39	Tanny	2021-11-15	M	B positif	non	4	21
40	Tuesday	2021-02-12	F	B positif	non	23	94
41	Dillie	2021-04-21	M	B positif	non	10	60
42	Lilias	2021-05-14	F	B positif	non	65	36
43	Linn	2021-11-07	M	B positif	non	20	95
44	Livvy	2022-01-09	F	B positif	non	45	22
45	Durant	2021-10-14	M	B positif	non	50	30
46	Shadow	2021-02-17	M	B positif	non	51	25
47	Jock	2021-06-09	M	B positif	non	70	6
48	Stoddard	2021-11-23	F	B positif	non	91	76
49	Mitchel	2021-11-03	M	B positif	non	44	86
50	Brett	2021-07-02	F	O negatif	non	12	1
51	Trumaine	2021-07-24	M	O negatif	non	46	78
52	Myranda	2021-03-05	F	O negatif	non	60	4
53	Codi	2021-08-14	F	O negatif	non	37	70
54	Englebert	2021-09-21	M	O negatif	non	34	71
55	Shanon	2021-06-12	F	O negatif	non	57	12
56	Denis	2021-10-30	M	O negatif	non	63	78
57	Engracia	2021-09-17	F	O negatif	non	67	78
58	Percy	2021-12-02	M	O negatif	non	55	16
59	Hewett	2021-03-17	M	O negatif	non	4	34
60	Geoffry	2021-03-08	M	O negatif	non	69	94
61	Mallorie	2021-11-21	F	O negatif	non	7	46
62	Annis	2021-04-19	F	O negatif	non	74	5
63	Prentice	2021-07-31	M	O negatif	non	41	74
64	Lynn	2021-02-21	F	O negatif	non	60	13
65	Adel	2021-09-30	F	O negatif	non	3	61
66	Harold	2021-04-02	M	O negatif	non	67	48
67	Dyana	2021-06-26	F	O negatif	non	19	32
68	Normie	2021-12-22	M	O negatif	non	32	90
69	Noella	2021-04-16	F	O negatif	non	90	29
70	Payton	2021-02-05	M	O negatif	non	94	48
71	Chrisse	2021-03-18	M	O negatif	non	66	7
72	Ivory	2021-06-01	F	O negatif	non	21	22
73	Erinna	2021-12-30	F	O negatif	non	87	89
74	Chase	2021-05-04	M	O negatif	non	72	73
75	Alikee	2022-01-05	F	O negatif	non	64	19
76	Leupold	2021-12-20	M	O negatif	non	3	96
77	Brinna	2021-09-12	F	O negatif	non	92	29
78	Base	2021-06-09	M	O negatif	non	8	91
79	Nelson	2021-04-14	M	O negatif	non	26	64
80	Enriqueta	2021-05-23	F	O negatif	non	55	17
81	Elwood	2021-09-27	M	O negatif	non	16	4
82	Ware	2022-01-10	M	O negatif	non	46	38
83	Brigham	2021-06-12	M	O negatif	non	3	28
84	Noby	2021-08-13	M	O negatif	non	41	92
85	Nowell	2021-06-07	M	O negatif	non	88	20
86	Paulita	2021-02-04	F	O negatif	non	51	99
87	Chris	2021-06-23	M	O negatif	non	54	11
88	Ezri	2021-07-08	M	O negatif	non	54	22
89	Cairistiona	2021-03-29	F	O negatif	non	27	12
90	Jaime	2021-06-04	M	O negatif	non	55	27
91	Britney	2021-02-27	F	O negatif	non	98	57
92	Nikolaus	2021-10-16	M	O negatif	non	31	12
93	Billie	2021-02-07	M	O negatif	non	35	91
94	Barclay	2021-05-24	M	O negatif	non	39	49
95	Putnam	2021-10-11	M	O negatif	non	68	62
96	Emmy	2021-07-29	M	O negatif	non	26	22
97	Leonelle	2021-04-01	F	O negatif	non	29	15
98	El	2021-10-10	M	O negatif	non	78	7
99	Janith	2021-04-23	F	O negatif	non	29	42
100	Tracey	2021-05-05	F	O negatif	non	78	41
\.


--
-- TOC entry 3008 (class 0 OID 33064)
-- Dependencies: 205
-- Data for Name: parent; Type: TABLE DATA; Schema: public; Owner: postgres
--

COPY public.parent (id_parent, nom_parent, prenom_parent, adresse, contact) FROM stdin;
1	Braden	Bauldry	0x2a04f9ddf623f18b1dcf7d62c8abc00815fc1a39	3445557904
2	Melosa	Crosfeld	0x110ffe99fb47d9180c050de4ba5ab0e067f9c231	3476058866
3	Jorrie	Screaton	0x307fd4c8f512082895731d7e98758e6eb6bf5e33	4466687470
4	Horacio	Abbys	0xf0a7760035548db20963670b4f62da7869873c89	6825071643
5	Jae	Baldinotti	0x8ba70f63b499d006be53efd92ee76f58a9304797	5017419374
6	Eva	Penhale	0x8bae16623439bae31774d435cf8bacbb68d8d71b	1054649435
7	Glory	MacKessock	0x93a3a44f7736920522c0ea2f2f8331c6bc6ef142	9006638521
8	Aldin	Brouard	0x4e578df4580574793dc6751bed775790698bbd41	5557486685
9	Wren	Hoxey	0xdc808a486b3df3b77feb185be5e05115dbdc1e2c	5301082984
10	Rhonda	Court	0x0300437ec8f8494fafb7d3279874ba5804db3f6f	5855048397
11	Elsinore	Loudyan	0x2cde650371f1fdc268920cd035734c1be8e7f9b4	4575452651
12	Christabel	Crandon	0x55a8ca92d45293c10c2d0a61d5025a338e9033ca	3107079474
13	Frannie	Skalls	0xa0047e360d12e6c5b8469cd9ca64292c08a5dbbb	1145569816
14	Priscella	Mahody	0xcf788a63fa04223064a756bde5a1e1891de4b178	1428158003
15	Doloritas	Kindleysides	0xbcfc35b21e7187bfcfbd43385cad914f1e918e43	9139674312
16	Alphard	Hassin	0x73bdf3e9e27cdcada1ee036964feb5cbcd3a2988	2679796154
17	Pall	Kerr	0x32b2863d7b9fa6c6c8a94b76910f66c5e6a61321	7419977567
18	Giorgi	Ogers	0x3f5327dd0e5d5bc4014de4b07eaaf46ce4a363b6	9584082375
19	Maryanne	Mathou	0x88dc64c1d26373facd909f9e92189b24457a5fd2	5936821792
20	Lilian	Bemand	0x685da1076128433c3334947204b44ededfbc5b1c	5574701696
21	Toby	Thying	0x64798982b8ff03479b0ba8433ac091a58029f5c2	6346066863
22	Tab	Course	0x5799c1b3eff7fc5175d872f2622e9eb7bb672b0e	9111676296
23	Mimi	Mandry	0x8c60930253f7be98b8df1d594ef97ced53e90164	7048463908
24	Hakim	Fassbender	0xdc84e2acfaa1530a7b72f7542bc1b8e7d1d48ce1	9083767511
25	Gal	Adamovitch	0x60a2ce1cac3a7872443363fd2c75077389f009eb	5265737183
26	Johny	Longea	0x362d395d47c04465bc8e437ab41b07470a66cf78	1887890662
27	Cherianne	Parmer	0x23f6cb616dc57b1b7f50053f046107fd2cde4eef	1934089069
28	Bobette	Matthius	0xc89026522c8e8217bbbb30d86c75af643723da0a	8052731231
29	Edyth	Liptrot	0xd70c70ede2e8cc1acc795c8ba56d15b1d10aa47c	9079076904
30	Chrisy	Eplate	0x06fccdf7dfa454fba2e87528fd090e8abd7f127c	9591836579
31	Vassili	Jowitt	0x3a7ca74a6031c41a08005a7d4b5db906686c277d	5248698133
32	Averell	Standbridge	0x6f3bb26124254d0da61ad0659c45844bdf944913	4997168799
33	Julee	Pechard	0x6d4d97e1efc159889274f416996b24f9f11da0f5	7331160824
34	Glynda	Villiers	0xdda11d29e985d39d98802980a6922274214c9fb8	9194255951
35	Michele	Lapree	0xdf7c7bc8db067fe9b903187a8bc2c17f82b849e9	1751438736
36	Johnnie	Deinhardt	0x36282fba7eab18dbb1619532c89a6e1def4e8950	9732091983
37	Marya	Gerrell	0xec32072af65b74742d91c09eba502803475b9bb1	4339171277
38	Rozele	Disney	0x909ff57538fc91506f38b7ebc8e24f6e32edb72b	1731326682
39	Jedd	Berrill	0x8872a832c0e0070e78f14c40205ee7f7ed302872	4424463361
40	Ellene	Wooder	0xe1aff56b490b3e6c904487c0060e4ca4fc7897a9	6967916408
41	Gerick	Larwell	0xd209598c46f7539b0f8ba3699245e3085ea12d6e	1166761616
42	Karola	Leeves	0xdc3e10cb97dd0a89a485be475ac01d9f447cee3c	1333047924
43	Sascha	Cramb	0x3ee0bd4b460fa8521ebfc9670689464ae867c59b	1879058256
44	Humfrey	Christopher	0x3ab91861835d059a23ce3b935efc86852dd6db1c	8677177066
45	Marta	Fauguel	0xc13e5d37a57e265e4c21562ee0b0d391e70fb1ec	7175567085
46	Edita	Baildon	0xe13f22e2aa8d2c60c252b712fbcefc484db41bd3	6623213679
47	Abba	Geertje	0x57b4855090faf0d4f075bffadc920e587346afee	1691954714
48	Pietro	Bosence	0xfff7e1500e1cbbc52f8269b67e15252d6eb2801d	6178608904
49	Clerissa	Keitch	0xeca65103b6cda6fceca5a9242abf45d963c941fc	4755908909
50	Eleanore	Jakeway	0x2fb60e83ac49a8aed444dbdaf9eb4f558c0b6244	2633128033
51	Claudina	Tax	0xf563f118c1c8183c43abeb7f87adda73bb675471	7186074539
52	Marten	Low	0x7c00ff157d0e4a986870608d4a1872f18b7bfb6f	3256758690
53	Kiele	Eamer	0x59689e43fd84acea8e526cd421617300325bb36e	3093256669
54	Fayre	Fawcitt	0x47dadcb95478a4b92bb839fa966c95c58734f995	5215212218
55	Mohammed	Tooker	0x64d57db88b598166585ffd13035efd3d15fb7223	1585817953
56	Kev	Sigward	0xd6cbc6f1157500b23dd99e75f5cfe43c71fa0045	6876331669
57	Shay	Scay	0x003cc7a7c649ea4516c4239d4dee9a97e3a35e29	8592000597
58	Melloney	Headford	0x77d41d2be3ca5ab4ac11d7f19336b6b9109eb37a	3803873435
59	Dorris	Rowlings	0x1f6a0f15ea882fc9a9de6833b30f93b39d6059d1	5002988385
60	Susann	Cram	0xf80428672cb17506f7d3edf34415b48ade206d62	3684633522
61	Tan	Streeton	0xba744c907b41db8114d6265d5c01ef173addd879	9791365084
62	Dorian	Marskell	0xdc293d95ff34fc6c6ad59df3a09e2a36790ee3a7	2726547876
63	Blinny	Byrth	0x8a3de344170e146b1a6b9396f7fb7656daa11e8e	1747898718
64	Carmelle	Olner	0xfe00a2c96115daf1d47b5ce4fae000a1526e96b3	6803472805
65	Baldwin	Slavin	0xc7474a953ee3fa08b63520fe4e5909041646df72	8688669707
66	Ignatius	Sanford	0xea1acea78817547558d5c66517db50ed16819ea1	4816405109
67	Roxanna	Gosforth	0x3b51d3e031862f6fbb83ad743514a6e27cc43189	1221294545
68	Cynde	Spaxman	0x90e1722ff771ad8aee32418dbb3519a0a1a4fddb	5853232853
69	Graeme	Bassil	0xacb21ea5577316707978909f2c4b421e3d5ab062	9029591637
70	Susana	Wadmore	0xa429bac678e9c186394844b61aa2d55216faff9f	9855701684
71	Cathryn	Capper	0xee0dff9efeff0e2cdd8742a896431ccfacffd953	6937418961
72	Herold	Tregunnah	0x24fe240fe6505906b9b4050fea6e9a95bd3f9999	3263901299
73	Netta	Courtese	0x7b346ab9daef190c51d3afebc06480988aaebbb7	2043411822
74	Trish	Hanbury	0x12dc1905cd20d5a314243aead118255ac87c0abd	3697926117
75	Terrence	Jepperson	0xea7c9b56525aee45f66d1e1846d3452e39eb1681	7012540878
76	Nance	McPhelimey	0x8e7b28f4062eea3bd3fe5e1cb58001861d3dee8f	4103766739
77	Carroll	Willmont	0x4aec1fdcaae52c361668e0b66e3b361d044e65ff	8158251341
78	Tybi	Chaves	0x6b64eaf6989251c298f0bd9f3d98af31b018a5fb	4774334466
79	Bjorn	Seville	0xd99f060b01cbaaefb526f6dd736b51276a655bf0	7127455335
80	Guenevere	Ribbens	0x787589a5072ad2ad74bb20778f2cad34eb7de862	8084842224
81	Victoria	Standall	0x20b2b88fa24ce84eb5793de2feb46e5336926f0d	7975354194
82	Marius	Damiata	0x19eed270c369919c22f8ba9b736dd6282beb475d	7556432903
83	Guendolen	Woodger	0x7163c7680f446b4ec818ca35154fe2111eaa2f05	7141545792
84	Willi	McKeown	0x447edff4c005ecfed28aa7f834e9d17aff71e577	5411453304
85	Nikaniki	Robertot	0x7e6da3610d5749ee03a606de6d35d72913492846	6575939939
86	Christal	Torrisi	0x54a41cd8afcc83223459d7e229c180b9f5f98d3d	7453062300
87	Blondelle	Sein	0x3c7ba968b4bbb16844b15c592ec93de29a0a3bfb	8692584969
88	Davida	Kinnen	0x4b67ffadcbcd7fbac473dd403a5d9e8a9f2211c1	8938394318
89	Anne	Mattiacci	0xe51fee02833a1cb87c7c27399c125fd0af2d7154	7089834503
90	Marie	Jambrozek	0x9ba302a3946c0de5fd122419e3d0a8be52df4e86	4029960178
91	Pen	Dutnell	0x70e330ef926026a2a2692972a79900c7102e1262	5548084622
92	Sandy	Dwyr	0x12a09012e5d617fe19d8303714eae3c94027e65d	6707228958
93	Jan	Enterlein	0xfd7ede8ff7caa8d8f0ce1a3191f11f4558913b71	6135753886
94	Andeee	Hannis	0x996aa67f485852b43375ee1eed32b7b7ac4c1e77	9943715494
95	Penelope	Crewther	0x2b1a18f5aba9cf18485a7396b2a25b048ea4ab01	1811692813
96	Shannan	Dimitresco	0x51722ba07a93cf2b62abfbefbf073584b20717a4	2876293498
97	Davina	Eisak	0xeaeaef03974e31e42e980d795b922d05978587e3	1385812669
98	Wallace	Kid	0x41d697c8aa1572d9203465dde6aa13b6f1e45f74	2926805119
99	Ula	Jobin	0xfc78860c8cd30d958bf51ee61cbcc527b99c6043	9236272451
100	Louie	Labeuil	0x7f8875ffd5eb094e8a8eb933b5beadf1b7bf90db	6129566080
\.


--
-- TOC entry 3010 (class 0 OID 33072)
-- Dependencies: 207
-- Data for Name: vaccin; Type: TABLE DATA; Schema: public; Owner: postgres
--

COPY public.vaccin (id_vaccin, nom_vaccin, maladies, dose, rendez_vous, id_hopital) FROM stdin;
1	Elise	Anny	0x6fba0b4e29a59db2db87629f2f94a68d2da0c182	2021-07-21	53
2	Goober	Niels	0xc1279b1fe182ca87ea639d1ef8d36885050197db	2021-10-14	66
3	Concordia	Bentlee	0x411a46e613724bbfd0ec03c2205db93260b956d5	2021-04-18	23
4	Hugibert	Robb	0x8e7f98d2f643cb013a23c80fe836d78b91640c84	2021-08-12	25
5	Feliks	Aldrich	0xd054ec49bb984cb64971738b8e9747c81b59da87	2021-08-01	7
6	Marley	Joaquin	0xce9193f2ddb55f09eca21a8d5f9c24566b9354e3	2021-04-06	23
7	Wood	Binky	0xc4a71feca67d2a3a3b8c48b8239d445ec95440f3	2021-10-07	16
8	Garreth	Demetrius	0xc8e05cf534f262ff1b39711bb0a8933d8d7214b4	2021-06-26	98
9	Gianni	Carolan	0xaaf6530b6822f9e770fa18deb7b73fb34c1ffbf1	2021-03-01	87
10	Phil	Darren	0xe22b0958ccbf79583379faa93e81854911ed928c	2022-02-23	71
11	Leyla	Ollie	0x6858ef9f0ac6611ac4ee023e01803e7f81d77ded	2021-02-26	68
12	Delmer	Darnell	0x095bbd5565e6feb29ff6d69977bac7f809870ff9	2021-06-30	36
13	Kaela	Gerta	0x65cc0d1c0204b95ab8fd9d46d2951fa4b2a37d28	2022-02-13	15
14	Corrine	Iggy	0x7ce48a28359fcd6b201d1977961a85c2691b6059	2021-08-12	23
15	Franciskus	Celinka	0x902658d60294ec0c9eda91e8713227f9bb771512	2021-02-07	4
16	Elaine	Fredelia	0x7c730118237859d773a5b270d38944f17f00596b	2021-07-27	1
17	Chastity	Lauri	0x225608cf1d2b883e585859d7cd37cde0869b84e2	2021-07-04	51
18	Patrizia	Elmore	0xb9c7c4a3094e0a6501e884ba8acebc7a2c0a3b1d	2022-02-26	69
19	Dame	Zara	0xe2398f045e5e4f3e2f16944fb8e2ef4759a0ab63	2021-09-16	93
20	Ardyth	Raimund	0x863eb4245e21a047d7cd8c01bf140c582564a712	2021-03-20	86
21	Ware	Giselbert	0x30ea2e647960f2b93ecb46aca6264cee0f4b6b4b	2021-10-08	97
22	Erin	Fenelia	0xcb34ff94529479702a695caf77461c3a424cf136	2021-08-01	41
23	Katherine	Evelin	0x17b4fd339185e4137a8689735be127a7c37aaddf	2021-05-26	89
24	Fania	Niall	0x4cd8c89fbf148ae6c6fbb864a90a0ffb36d33e45	2021-09-20	23
25	Orran	Shaylyn	0xcc959aed7865edeedd7353fd07b27be31918b887	2021-04-06	54
26	Jere	Concettina	0x3f3f97155744144e3e62d4411a675f5d544c3194	2021-04-24	40
27	Kaila	Albertine	0x21fe907e5c56c0c472f0dd9800cb1588aea65af4	2021-10-13	46
28	Pooh	Alisa	0x2e7bcbc6c416945bd3378b90d217a85103a2f04e	2021-07-31	42
29	Mab	Ardeen	0x7f9fd685aa39055489bb3ea51a0f11466eb615bb	2021-04-23	80
30	Alaine	Sven	0x5d2f9237eef50acb4f2e5b0d225d7c8967e1a748	2021-12-27	32
31	Agnella	Orsa	0x6d4082ced2e0bc7340d958fe44aece9dc5ea2d43	2021-06-21	61
32	Martie	Isabella	0x197b903d2f245e996fb621e6fbba1314720a1262	2021-05-15	44
33	Ezechiel	Wyndham	0xad93932ce3cb472c0a0d9293312144b3b47ac0b4	2021-09-30	65
34	Frederico	Nikolaos	0x16959e6a6c68bef5ebbaacd70743d59985f26793	2021-05-05	57
35	Martica	Rriocard	0xdd96da6bea97d1124854d950074f1fa3c9efddfa	2022-01-28	12
36	Latrena	Cazzie	0x63dd9b8fd70928e7852faf11e594fbd9897b791e	2022-01-29	97
37	Carola	Bald	0x403c680ba9900ae0169e1487ec22117df9ba3484	2022-01-20	24
38	Judd	Loria	0x71dc3df37f05c8acc9778d06ce510e62efa79f49	2021-03-17	42
39	Marilin	Gill	0xd28a2e3908cf2c55bb0bfcbb738bfcc132f76d79	2021-03-12	8
40	Darice	Corney	0x16e18da08bfad06d1fbb08493d0a7223137f818f	2022-01-09	98
41	Bard	Nesta	0xa63ca22e9560edec5130d786d0444ec3468fc39b	2021-03-14	86
42	Klarika	Ermin	0x3e10ffc76e7f19a271d9b3f2906f19746f55f23d	2021-09-11	86
43	Consuela	Torrie	0xaae6757da8a3278fee972efb538bcd0fe82ae039	2021-08-02	10
44	Becky	Fara	0xa094ba5169df0064fc63b8c26a4b08bbb37c88c4	2022-02-19	52
45	Grant	Neddy	0xe5dd9e4469df78b742537f9f8d130005d1a43a88	2021-02-11	29
46	Clevie	Marylee	0xebe3a67b500788af7adb9af6688e36b72eb90eca	2021-09-20	43
47	Katrine	Edithe	0xaa81e836a7f823671517f9fe04e0787c4af7b165	2021-09-02	15
48	Helenelizabeth	Barbee	0xeb76f6dc2553aa77fe67de5ed4a308b51e363951	2021-09-14	47
49	Evy	Kassandra	0xb89ac3ca3cd6f38ba6b2c446b4ac0147f97dee5d	2021-06-09	79
50	Rhetta	Morlee	0x83beacd0051bad69db9524a271dd1514fa4f7d20	2021-06-27	92
51	Anny	Winfred	0x1268fd27dc0d53625cb8d891db08d3df0bc29f6e	2021-07-02	81
52	Brita	Darice	0x7771098af2da9bf0af85938f471db358ecb00ad6	2021-07-11	54
53	Clarabelle	Idalina	0x97deb75f71a4b6fdabdd08f91344eb2fb2d0b9de	2021-02-25	66
54	Demeter	Orin	0xca205e3c02b0edd46484a65c27e33350aadada2c	2021-09-04	56
55	Kristos	Salmon	0x5da158dc9256fd5cde55b034fea7f26beddb5dc6	2021-09-11	25
56	Shirlene	Mellie	0xe6fe089366a2df6d570ade99efc604a7c6d498fa	2021-04-28	43
57	Amara	Marylynne	0x013b50993d9392604d18e0fe1fbbcea26ed815e9	2021-11-08	14
58	Dinnie	Levy	0x7c500b677d941ee13da253fa5f8a4034aaa5324c	2021-03-15	55
59	Burgess	Alia	0xc0cc1487ebfba397c0dd314b13058c86d0411342	2021-02-10	84
60	Jackquelin	Darline	0xa152664850dc9ecac68e3dca77eee75ed068515b	2021-01-31	10
61	Randy	Jillene	0x301516c815149b05dd06ed892c48f6d7bff8269d	2021-10-07	56
62	Tadd	Devon	0x1584178a6e3727669969b31b25f403fa4e5abb62	2021-05-18	50
63	Trix	Anatollo	0x39f5e6c4b5666f0e152f488aba9a6a89da48403d	2021-03-09	20
64	Falkner	Lucretia	0x326f5fb4d5dd28d09f746d05602c42f6c8062925	2021-07-12	70
65	Ingemar	Emiline	0xf3ab7fa58a83c8edccd6515c403c15d7e534b76a	2021-07-09	79
66	Marijo	Pooh	0xfaf885675d554f38d0f1b847d261999a23ea784a	2021-09-16	1
67	Hube	Nicole	0x094833a8b1be8b54b25f964e8d3843505ed3d6ea	2021-11-02	17
68	Bob	Cristabel	0xfc9174dbeb5ca00214c4dcd0f0da31cd0743fd21	2021-09-14	82
69	Al	Lenna	0x0de262713211188efad7550caa1ee107b8936534	2022-02-02	98
70	Doralynn	Sigismundo	0x60622a7fc174791126b7ec7ee680ee5ece017c46	2021-04-29	67
71	Winifred	Will	0xa1fb2632dac5c6a799640be318b898045107e76c	2021-09-21	57
72	Scott	Nichols	0x391c572d1ea0b158ac71481398b8ba719f9c7785	2021-03-05	82
73	Florri	Joelly	0xa617dd7dabbdf2bac418bc42e5b2e57ae0304ea1	2021-08-10	46
74	Jenica	Lynnette	0x2e6a6ce83dba5a8966f9b4f1931d9959383805da	2021-11-07	24
75	Tabbie	Lilyan	0x4ad8818ab23c0c4523eb40ec5cbe312f5a7825c1	2022-02-03	97
76	Irena	Jamison	0x86861700bd61f7735c5b7739c3721ca041181868	2021-11-04	94
77	Ranice	Nigel	0x1170836c6c13c78e1acd9d16987fbb063a314244	2021-06-07	100
78	Jillayne	Cherlyn	0x431c6887a5c71801f3e7f2bc745ef6fd625857b7	2021-10-05	11
79	Marijn	Rafaello	0x0597287f78302a83e62a4dd0fb7842ad9d46d19d	2022-02-23	32
80	Edie	Olga	0xae6c34ab96eb710f2762147c85208d5dcbb1a238	2021-10-01	40
81	Sasha	Chaddy	0x70432d001f4fc8c50c13ddb32499989e87df99e4	2021-07-08	31
82	Abbi	Clayton	0xddea83174f51635dc16bc8a395b85ac05b3bd9bd	2021-09-11	58
83	Knox	Rori	0x9f94bb56be7079536eb13ed3f2b4109799e66764	2021-12-30	90
84	Lin	Tanney	0x011554e1b20544e9d2301a14a7bc491d43805b86	2021-05-02	58
85	Regina	Netta	0xb75706c764767d778abae0033c9b58635ab1b3bd	2021-01-27	35
86	Judie	Nina	0x25b47b88b887fdc5d34294db4e4f3da357071ccc	2021-06-24	8
87	Brock	Bogey	0xc51e97972a8d4e0f97996e276bf9f73b4de0a8d4	2021-11-18	71
88	Ettie	Mariejeanne	0xf43c5155aab1218cb32784d40c2433644bf3c35b	2021-09-29	48
89	Kristin	Marcelle	0xbead65558dfda6b44122b97691f396e9ac952a94	2021-09-04	10
90	Nanni	Virgie	0xc7ae404ff4c43d36d5e6b81d3c44065c8648b820	2021-06-23	90
91	Bryanty	Pearla	0x93d0a8c0f4d3113e362147c73ab998c0cf76c067	2021-03-31	36
92	Shepherd	Frazier	0x201e6078ce8dd120a23b0d06f299d95e3dcd7368	2022-01-10	80
93	Nickie	Nady	0xee44ad9783b4f1be79b472299170f06c7019c5a2	2021-11-01	9
94	Gerek	Donna	0xb5b1bf99ba2ef6db30e12a09c59679e79190ee18	2021-06-21	15
95	Reuben	Tootsie	0x7646b3fcd7e84d7f937d8196fc311b803c52ae5e	2021-10-29	36
96	Keary	Jo-ann	0x7cb85618abc4744cfa0465bc0668388a6b83507c	2021-03-21	6
97	Mallorie	Levi	0x19f4b7b6ae5e484cd07e79684d4510d96ef44bb8	2021-05-20	52
98	Lucio	Janine	0x8885376be7b76522d4908557d656274ffbe3b873	2021-10-18	44
99	Kara	Teriann	0x6cb38cc77604b2867d82fc0c377b191e5eecaec6	2021-02-14	93
100	Adelle	Emmey	0x6301ea9bd84bd364dfbd18db19b86506aed933d5	2021-03-03	92
\.


--
-- TOC entry 3026 (class 0 OID 0)
-- Dependencies: 202
-- Name: hopital_id_hopital_seq; Type: SEQUENCE SET; Schema: public; Owner: postgres
--

SELECT pg_catalog.setval('public.hopital_id_hopital_seq', 1, false);


--
-- TOC entry 3027 (class 0 OID 0)
-- Dependencies: 208
-- Name: nouveau_nee_id_nouveau_nee_seq; Type: SEQUENCE SET; Schema: public; Owner: postgres
--

SELECT pg_catalog.setval('public.nouveau_nee_id_nouveau_nee_seq', 1, false);


--
-- TOC entry 3028 (class 0 OID 0)
-- Dependencies: 209
-- Name: nouveau_nee_id_parent_seq; Type: SEQUENCE SET; Schema: public; Owner: postgres
--

SELECT pg_catalog.setval('public.nouveau_nee_id_parent_seq', 1, false);


--
-- TOC entry 3029 (class 0 OID 0)
-- Dependencies: 210
-- Name: nouveau_nee_id_vaccin_seq; Type: SEQUENCE SET; Schema: public; Owner: postgres
--

SELECT pg_catalog.setval('public.nouveau_nee_id_vaccin_seq', 1, false);


--
-- TOC entry 3030 (class 0 OID 0)
-- Dependencies: 204
-- Name: parent_id_parent_seq; Type: SEQUENCE SET; Schema: public; Owner: postgres
--

SELECT pg_catalog.setval('public.parent_id_parent_seq', 1, false);


--
-- TOC entry 3031 (class 0 OID 0)
-- Dependencies: 206
-- Name: vaccin_id_vaccin_seq; Type: SEQUENCE SET; Schema: public; Owner: postgres
--

SELECT pg_catalog.setval('public.vaccin_id_vaccin_seq', 1, false);


--
-- TOC entry 2869 (class 2606 OID 33061)
-- Name: hopital hopital_pkey; Type: CONSTRAINT; Schema: public; Owner: postgres
--

ALTER TABLE ONLY public.hopital
    ADD CONSTRAINT hopital_pkey PRIMARY KEY (id_hopital);


--
-- TOC entry 2875 (class 2606 OID 33096)
-- Name: nouveau_nee nouveau_nee_pkey; Type: CONSTRAINT; Schema: public; Owner: postgres
--

ALTER TABLE ONLY public.nouveau_nee
    ADD CONSTRAINT nouveau_nee_pkey PRIMARY KEY (id_nouveau_nee);


--
-- TOC entry 2871 (class 2606 OID 33069)
-- Name: parent parent_pkey; Type: CONSTRAINT; Schema: public; Owner: postgres
--

ALTER TABLE ONLY public.parent
    ADD CONSTRAINT parent_pkey PRIMARY KEY (id_parent);


--
-- TOC entry 2873 (class 2606 OID 33077)
-- Name: vaccin vaccin_pkey; Type: CONSTRAINT; Schema: public; Owner: postgres
--

ALTER TABLE ONLY public.vaccin
    ADD CONSTRAINT vaccin_pkey PRIMARY KEY (id_vaccin);


--
-- TOC entry 2877 (class 2606 OID 33097)
-- Name: nouveau_nee nouveau_nee_id_parent_fkey; Type: FK CONSTRAINT; Schema: public; Owner: postgres
--

ALTER TABLE ONLY public.nouveau_nee
    ADD CONSTRAINT nouveau_nee_id_parent_fkey FOREIGN KEY (id_parent) REFERENCES public.parent(id_parent);


--
-- TOC entry 2878 (class 2606 OID 33102)
-- Name: nouveau_nee nouveau_nee_id_vaccin_fkey; Type: FK CONSTRAINT; Schema: public; Owner: postgres
--

ALTER TABLE ONLY public.nouveau_nee
    ADD CONSTRAINT nouveau_nee_id_vaccin_fkey FOREIGN KEY (id_vaccin) REFERENCES public.vaccin(id_vaccin);


--
-- TOC entry 2876 (class 2606 OID 33078)
-- Name: vaccin vaccin_id_hopital_fkey; Type: FK CONSTRAINT; Schema: public; Owner: postgres
--

ALTER TABLE ONLY public.vaccin
    ADD CONSTRAINT vaccin_id_hopital_fkey FOREIGN KEY (id_hopital) REFERENCES public.hopital(id_hopital);


-- Completed on 2022-01-27 15:11:10 WAT

--
-- PostgreSQL database dump complete
--

